{
  "display": {
    "icon": {
      "item": "minecraft:paper"
    },
    "title": {
      "text": "任务"
    },
    "description": {
      "text": "任务 带'*'任务会在完成后清理相应物品"
    },
    "frame": "goal",
    "show_toast": true,
    "announce_to_chat": true,
    "hidden": false,
    "background": "minecraft:textures/gui/advancements/backgrounds/adventure.png"
  },
  "criteria": {
    "crafting_table": {
      "trigger": "minecraft:inventory_changed",
      "conditions": {
        "items": [
          {
            "item": "minecraft:carrot_on_a_stick",
			      "nbt": "{openMenu:1b}"
          }
        ]
      }
    }
  }
}